First Name,Last Name,Email Address,Company,Position,Connected On,Tags
Ganesh,Singh,gps_73@hotmail.com,CybOrg Technologies,Leadership hiring Associate & Principal Recruiter,"12/13/13, 2:51 AM",
Avinashi,Sharan,avinashisharan@gmail.com,.,.,"7/3/14, 11:53 AM",
Vipin,Paul,vipinpaul21@gmail.com,Brain Technosys Pvt. Ltd.,Project Manager,"7/20/16, 10:17 PM",
Zuhair,Naqvi,zuhairmohammed@gmail.com,etouches,Sr. Software Developer (Frontend UI/UX),"9/29/17, 4:33 AM",
Ajay,Tandon (♛...LION...♛),reached_me@outlook.com,Vinove Software and Services Pvt. Ltd.,Manager Human Resources - Delhi & Gurgaon,"2/23/14, 8:48 PM",
Jai Prakash,Vishwakarma,jp.vishwakarma@gmail.com,Brain Technosys Pvt. Ltd.,Head - Project Delivery and Architect,"9/30/16, 3:00 AM",
Ankit,Mukharaiya,ankit083@gmail.com,Maple Resort Chail,Resort Manager,"4/20/13, 1:07 AM",
Milson,Munakami,milsonmun@gmail.com,Research Computing Center at the University of Chicago,Scientific Application Developer,"12/14/13, 12:18 PM",
Sukesh,Marla,MarlaSukesh@Gmail.com,Train IT,Founder,"12/30/13, 5:37 AM",
Karn,Singh,karn@karnsingh.com,ONS Interactive Solutions Pvt Ltd,Project Manager,"9/29/17, 12:58 AM",
Shaista,Ansari ,shaista2004@gmail.com,Happiest Minds Technologies,Test Lead,"9/7/14, 11:51 PM",
Sasidhar,Gogulapati,sasidhar.gogula@gmail.com,Ramyam Intelligence Lab (Part of Arvato),Product Architect,"12/14/13, 11:14 AM",
siddhartha,jain,sidjain2485@gmail.com,IBM,Senior System Analyst,"4/29/14, 3:30 AM",
Parv,Sharma,parv.sharma@live.in,QiK Circle,Tech Lead,"4/28/14, 6:21 PM",
Rajeev,Bhatia,rrbhatia@cmu.edu,eSmart Systems,Data Scientist Intern (Deep Learning / TensorFlow / OpenCV),"4/16/13, 8:15 PM",
Shrish,Nigam,shrishnigam@yahoo.com,Analytics Quotient,Associate Domain Consultant,"12/18/13, 3:26 PM",
Avadhesh,kumar,avadhesh.purwar@gmail.com,Appypie (www.appypie.com),Product Head,"3/5/17, 5:30 AM",
HR @,Momentum Infotech,hr@momentuminfotech.com,"Momentum Infotech, Inc.",Vice President - HR and Talent Acquisition,"7/11/16, 2:09 AM",
Shivaji,Tiwari,shivajitiwari@gmail.com,Vitrual Employee (P) Limited,Sr. Software Developer/Team Lead,"5/5/16, 12:28 AM",
abhinav,girdhar,abs@appypieinc.com,Appy Pie Inc.,Founder,"8/11/16, 10:43 AM",
Rochak,Sachan,rochak.sachan@gmail.com,Samsung Electronics,Assistant Manager,"7/14/14, 2:42 AM",
Akhilesh,Singh,akhileshsingh91@gmail.com,Adept Coders,Web Developer,"2/22/14, 9:27 AM",
Zahir,Abbas,abuzahirabbas@gmail.com,Appy Pie LLC,Head- Operations & Client Management,"9/29/17, 3:59 PM",
maanas,goindi,maanasgoindi@gmail.com,,,"11/11/13, 1:01 AM",
Vikas,Choubey,vikaschoubey11@gmail.com,Test,SOFTWARE TEST ENGINEER,"5/7/14, 5:12 AM",
Amit,Choudhary,amit_85i@hotmail.com,CourtAlert,Senior Software Developer,"12/16/13, 3:19 AM",
Seo,Panel,seopanel@gmail.com,seo panel,Senior Programmer,"4/19/13, 4:47 AM",
Azad,Haider,azadhai97@gmail.com,Mobiloitte,Project Manager,"8/24/16, 3:52 AM",
Harssh,Trivedi,imharshtrivedi@gmail.com,TehnoSapphire,Web Designer,"6/7/17, 11:25 AM",
Nitin,Gupta,nitin.careerplanet@gmail.com,Career Planet InfoTech,CEO,"12/16/13, 8:51 PM",
K. S.,RAJPUT,k.s.rajput@hotmail.com,Appy Pie Inc.,Technical Team Lead,"8/4/16, 12:56 PM",
Tishir,Singh,tishir.375038@gmail.com,Defence Research and Development Organisation,traniee,"2/22/14, 8:24 AM",
Bhaskar,Singh,babaidude@gmail.com,,,"6/6/13, 10:45 PM",
Himanshu,Shekher,himanshushekherjha@gmail.com,Brain Technosys Pvt. Ltd.,Android Application Developer,"2/21/17, 10:51 AM",
Ravish,Kumar,ravishest@gmail.com,Wipro,Assistant Manager Presales,"12/13/13, 2:49 AM",
Dhananjay,Kumar,debugmode@outlook.com,Infragistics,Developer Evangelist,"9/12/14, 6:57 AM",
Pawan,Khandelwal,pawan.khandelwal83@gmail.com,Appy Pie Inc.,Sr. Software Engineer,"9/29/17, 3:54 AM",
Harjot,Singh,harjot_singh@live.in,Loginworks Softwares Pvt. Ltd.,Senior Software Developer,"3/8/15, 9:02 AM",
Gobind Kumar,Prajapati,gobind_727@yahoo.com,Bank of America,Analyst - Application Programmer,"1/19/14, 10:45 AM",
Ajay,Nigam,anajaynigam954@gmail.com,Extreme Agile Private Limited,PHP Developer,"5/22/13, 3:43 AM",
Saurabh,Sarasvat,ssarasvat@gmail.com,Diksha Technologies,Senior Consultant,"8/30/16, 3:47 AM",
nitin,sindhu,nitin@braintechnosys.com,BrainTechnologies,Project Lead,"9/16/17, 1:23 AM",
Ashwani,Chaturvedi,chaturvedi4me@gmail.com,Brahmasys Technology Solutions Pvt Ltd,Co Founder,"2/21/17, 10:51 AM",
Anurag,Srivastava,anuragsri021@gmail.com,Gaadi Web Pvt Ltd,Sr. Software Engineer (Android),"2/21/17, 7:36 PM",
Mohit,sahu,mohitkr.mca@gmail.com,OnGraph Technologies Limited,Senior Software Engineer,"7/1/14, 12:26 PM",
Kevin,Giummarra,kgiummarra@gmail.com,Mundo Media,Publisher Manager,"2/21/17, 10:52 AM",
Brijendra Pratap,Singh,brijendra.ame@gmail.com,IndiGo (InterGlobe Aviation Ltd),Assistant Quality Assurance Manager cum Training Coordinator,"1/30/14, 11:41 PM",
Shashi,Badhuk,shashi1517@gmail.com,Affle,Technical Lead - Full Stack,"8/10/13, 9:36 PM",
Rohit,Singh,rohit4258@gmail.com,St. Mark's Sr. Sec. Public School,ERP Admin,"5/9/13, 4:25 AM",
arvind,patel,arvindu4@gmail.com,VIVEKANAND INSTITUTE OF TECHNOLOGY & science,Office Asst.,"5/6/14, 1:45 AM",
Manish,Mishra,manishmca2008@gmail.com,Union Public Service Commission( UPSC ),Team Lead,"5/22/14, 5:39 AM",
Yogesh,Sharma,era1989reme@gmail.com,Cynesoft Solutions,Founder,"7/3/14, 12:19 PM",
Ratnesh,Gupta,gupta.ratnesh54@gmail.com,Zensar Technologies,Software Engineer,"2/22/14, 8:22 AM",
vijay,pal,vijaypalpresent@gmail.com,EMC,Software Engineer,"12/13/13, 2:08 AM",
Shubham,dixit,shub.mradul@gmail.com,Appy Pie Inc.,Sr. software engineer,"6/7/17, 11:25 AM",
Ankita,Rathi,career@flexsin.com,Flexsin Technologies Private Limited,HR Executive,"9/30/16, 3:00 AM",
Rahul,Shukla,srahul.2919@gmail.com,Teradata,Software Engineer II,"4/15/13, 4:30 AM",
Ashish,Yadav,ashishyadav82300@gmail.com,AaRISH Enterprises,Owner/CEO,"12/15/13, 10:32 PM",
Alok,kumar,akkumaralok1988@gmail.com,Appy Pie Inc.,CBO at Appy Pie Inc.,"9/29/17, 1:14 AM",
Gaurav,Rajput,gauravr.dev@gmail.com,Ebizon,Senior Analyst Programmer,"7/1/14, 12:23 PM",
Ashish,Negi,ashishng15@gmail.com,Ucodesoft,Software Engineer,"12/18/13, 8:43 AM",
Vipin,Kumar,vipin.varshney@outlook.com,Infonative Solutions Pvt. Ltd.,Software Engineer,"4/6/14, 8:28 PM",
Himanshu,Verma,himanshu.verma791@gmail.com,OnSumaye Web SolutionsPvt. Ltd.,UI Designer,"5/9/16, 3:06 AM",
Mohammad,Parvez,parvez.ims@gmail.com,MPS Limited,Tech Lead,"2/23/14, 12:00 AM",
Prabhat,Mittal,prabhatmittal9@gmail.com,Motto Solutions Pvt. Ltd,Software Developer,"5/22/13, 5:05 AM",
Anand,Maurya,akanand.maurya@gmail.com,Accenture,senior software analyst,"7/1/14, 12:26 PM",
Akanksha,Goyal,akanksha432123@gmail.com,Home Credit India,Analyst,"7/1/14, 12:28 PM",
Rahul,Gupta,rahulgupta3316@gmail.com,Technoxom Pvt. Ltd.,Software Engineer,"5/17/16, 12:30 AM",
Puran,Bisht,bishtpuran104@gmail.com,Bizsol Technologies Pvt. Ltd,Software Developer,"12/8/13, 8:49 AM",
Jyoti,Gupta,sparshi.gupta.1990@gmail.com,Mansion Grove House,Program Development Manager,"5/3/13, 11:21 PM",
Divyanshi,Shrivastava,shrivastava.div@gmail.com,OSSCube,Sr. Software Engineer,"5/20/16, 9:29 AM",
Mukesh,Kumar,mukesh.k8600@gmail.com,R Systems International,Software Engineer,"1/10/17, 1:41 AM",
Robin,Paliwal,robinpaliwal123@yahoo.co.in,refundme India Services Pvt. Ltd.,Senior Software Engineer,"8/26/16, 9:55 PM",
tishir,singh,tishir56@gmail.com,Accenture,Software engineer Analyst,"9/24/16, 4:31 AM",
Abhishek,Singh,abhimca83@gmail.com,Rose International,US Non IT recruiter,"4/29/13, 9:18 AM",
pankaj,pal,pankaj.pal007@gmail.com,.,Fresher,"5/12/13, 4:25 AM",
Shivam,Gupta,shivamg705@gmail.com,Sopra Steria,Senior Software Engineer,"5/10/13, 1:44 AM",
vikas,agnihotri,vikasagnihotri86@gmail.com,,,"5/21/13, 1:59 AM",
Rajeev,Varshney,rajeevvarshney56@gmail.com,Boltt Sports Technologies Pvt Ltd,Software Engineer,"9/27/13, 4:29 AM",
shamshad,ahamad,shamshad.ahamad01@gmail.com,,,"4/15/13, 10:04 PM",
Ashish,Singh,ashish12s3@gmail.com,airtel,Senior Software Engineer,"2/22/14, 8:21 AM",
Pravendra,Prajapati,prvndrkumar55@gmail.com,Air Tickets India,Software Engineer,"2/21/17, 10:52 AM",
Nishant,Sharma,nishant0112@gmail.com,Tech Mahindra,Lead Database Administrator,"9/24/16, 4:39 AM",
Murari Pradip,Singh,pradip.comat@gmail.com,Appy Pie Inc.,Sr.Software Engineer,"6/30/16, 12:09 AM",
Rajnish,Kumar,kumarrajnish184@gmail.com,TO THE NEW,Sr. Engineer Technology,"8/4/16, 10:35 PM",
Rahul,Bhasin,rahulbhasin02@gmail.com,Alight Solutions,Analyst,"5/18/13, 11:40 PM",
Shipra,Srivastava,ship0008@gmail.com,,,"4/15/13, 5:25 AM",
Rahul,Agarwal,rahulg1210@gmail.com,Dynamic Pixel Multimedia Solutions,Resource Manager,"4/15/13, 4:48 AM",
Apoorvi,Nigam,apoorvinigam@gmail.com,Dr. Reddy's Laboratories,Senior Engineer,"3/30/14, 2:25 AM",
Prateek,Nigam,prateek.nigam143@gmail.com,The Digital Cog,Phone gap developer,"12/13/13, 2:13 AM",
Deepak,Porwal,deep08deepak@gmail.com,ANR Software Pvt. Ltd.,Junior Programmer,"2/22/14, 8:22 AM",
Vinay,Sharma,vinaysharma445@gmail.com,Barclaycard,Java Developer,"2/25/14, 12:54 AM",
rashid,hamid,rashidhamid21@gmail.com,Dell,Software Developer Analyst,"2/22/14, 8:23 AM",
Vikas,Saxena,vikas.saxena.116@gmail.com,ACL Mobile Limited,Senior Software Engineer,"6/7/16, 12:12 PM",
Sonu,Gupta,sonugupta.181@gmail.com,Entab Infotech New Delhi,ERP Consultant,"5/5/13, 12:27 AM",
Harish,Lakhwani,harish.lakhwani34@gmail.com,KiwiTech,iOS developer,"6/9/16, 12:36 PM",
saurabh,sharma,saurabhgovindsharma@gmail.com,Gemalto,World Wide NOC Engineer,"2/22/14, 8:22 AM",
Seema,Chaudhary,seemachaudhary131@gmail.com,HCL Technologies,Web Developer,"6/14/13, 11:36 AM",
Pankaj,Kumar,pankajheart.89@gmail.com,,,"4/25/13, 9:40 PM",
Rishabh,Gupta,rishabhgupta.mca@gmail.com,Xavient Information Systems,ERP Consultant,"7/14/14, 2:07 AM",
Nikhil,Srivastava.Nikhil783,srivastava.nikhil783@gmail.com,Cyber Infrastructure Private Limited (CMMI Level 3 Certified),Software Developer,"4/15/13, 4:48 AM",
Ayushi,Lamba,lamba.ayushi28@gmail.com,Ideas2It Technologies,Java developer,"8/12/13, 1:54 AM",
Nisha,Bhardwaj,bhardwaj.nisha16@gmail.com,Clavax,Assistant Manager HR,"5/4/16, 9:01 AM",
Om Prakash,Patel,omprakashpatel1990@gmail.com,Flexsin Technologies Pvt. Ltd.,Executive - Finance & Accounts,"9/24/16, 4:31 AM",
Anamika,Bhadauria,ana.anu05@gmail.com,Computer Junction Pvt. Ltd.,Data Analyst,"7/19/14, 10:31 AM",
Gaurav,Lohani,lohani.gaurav1990@gmail.com,OnSumaye Web Solutions Pvt. Ltd.,Linux System Administrator,"2/5/14, 11:34 AM",
Swatantra,Gupta,swatantra.gupta70@gmail.com,6Degrees IT Pvt. Ltd.,Software Engineer,"6/3/14, 2:13 AM",
SHIV KUMAR,ATREEE,shiv.atree1@gmail.com,NIIT Limited,Test Engineer,"3/6/14, 6:54 PM",
R,S,ramanraisaini@gmail.com,,,"11/9/13, 7:32 AM",
Shweta,Jain,simplyshweta19@gmail.com,Brain Technosys Pvt. Ltd.,Senior CakePHP Developer,"9/24/16, 4:31 AM",
ankit,chandel,ankiit1111@gmail.com,,,"7/5/14, 9:24 PM",
Sonia,Rajput Chauhan,cv1.pcube@gmail.com,HR Consultant,HR Consultant,"12/13/13, 2:55 AM",
ruchi,varshney,ruchii.varshney90@gmail.com,Access Technosoft pvt.ltd,Software Developer,"12/13/13, 5:24 AM",
Monu,Arora,er.monuarora@sify.com,,,"2/22/14, 8:23 AM",
Udit,Sharma ✓,uditpandit21@yahoo.com,BollywoodHunts.com (AVS Webs Pvt Ltd),Web Developer,"2/22/14, 8:23 AM",
Rohitash,Singh,rohitash100689@gmail.com,BrickWin Consultancy Services,Software Engineer,"3/7/14, 8:30 AM",
Mahipal S,Adhikari,mahipaladhikari@gmail.com,ONS Interactive Solutions Pvt Ltd,SSE/Tech Team Lead,"4/4/17, 8:11 AM",
Neha,Srivastava,nehasrivastava13@ibagreaternoida.org,Compunnel Software India Pvt. Ltd.,Human Resource,"1/25/16, 12:54 AM",
Nabin,Kumar,nabin.kumar.mca10@gmail.com,Infozech Software Private Limited,Senior Software Engineer,"3/3/14, 6:41 AM",
Ravi,Kumar,info.ravi1988@gmail.com,"Chetu, Inc.",Software Developer,"8/15/14, 12:18 PM",
VIDYA BHUSHAN,SINGH (Skype  VBHUSHANS),bhushan1716@gmail.com,DLC WEB SOLUTION,Senior PHP Developer,"12/13/13, 5:54 AM",
Ashwani,Singh,ashwanisingh9696@gmail.com,Brain Technosys Pvt. Ltd.,PHP Developer,"2/21/17, 11:08 AM",
vijay,rana,vijayrana1988@gmail.com,Agile softech pvt.ltd.,six month tranning,"5/29/14, 9:43 PM",
amit,SRIVASTAVA,HEATNBOILERS@yahoo.com,HEAT N BOILERS,Sales,"12/13/13, 2:37 AM",
Seema,Chaudhary,seema.ostech@gmail.com,OpenSource Technologies Pvt. Ltd.,Software Engineer,"12/13/13, 2:56 AM",
Prakhar,Shrivastav,Prakhar92.7@gmail.com,Samsung Research & Development Institute Noida,Software Engineer,"12/13/13, 12:32 PM",
Vijay,Gupta,vijaygpt980@gmail.com,Daffodil Software Ltd.,Associate IT,"1/20/14, 3:12 AM",
Harish,Yadav,hrshdv03@gmail.com,SeemCoders Technologia pvt. ltd.,iOS Developer,"2/3/17, 4:30 AM",
Shiril,Tripathi,shirilt01@gmail.com,ByDesign India Pvt Ltd,Software Developer,"4/2/15, 3:19 PM",
Shudhanshu,Srivastav,srivastav3361@gmail.com,CRMNEXT,Test Engineer,"7/7/14, 9:31 PM",
mayank,nehra,mnknehra@gmail.com,QL2 Software,Applicatipon Developer,"5/4/16, 9:15 AM",
Vishnu,Gupta,vicky786gupta@gmail.com,BCS Technology International Pty Ltd,Software Developer,"11/27/14, 2:38 AM",
Rahul,Baduk,rahulbaduk@gmail.com,Yewgold Infosolution Pvt Ltd.,Web Developer,"1/31/16, 11:22 PM",
Rohit,Vermani,rohitvermani188@gmail.com,Appy Pie Inc.,iOS Developer,"2/21/17, 10:48 AM",
Rohit,Arya,arya.rohit13@gmail.com,30days Technologies Pvt. Ltd.,Senior Software Engineer,"9/15/14, 1:06 AM",
Anuj,Singh,anuj_singh1990@yahoo.in,Extramarks Education India Pvt. Ltd.,Senior Software Engineer,"11/11/14, 10:01 AM",
Mohd,Rehan,classicalrehan@gmail.com,Info Edge India Ltd,Lead Software Engineer,"11/11/14, 10:01 AM",
Swati,Mehta,mehtaswati815@gmail.com,MediaAgility,Talent Acqusition Specialist ,"1/30/17, 3:34 AM",
Shilpika,Verma,Khushboinfinityverma@gmail.com,Hidden Reflex,Software Engineer Internship,"6/6/16, 10:15 PM",
Kritika,Rawat,kritika.cl1994@gmail.com,XPrep,Sr. Manager-HR,"1/10/17, 1:40 AM",
Ayush,Kumar,ayush21apr90@rediffmail.com,Brain Technosys Pvt. Ltd.,Software Engineer,"1/10/17, 1:40 AM",
Shivam,Bajpai,1shivam.bajpai91@gmail.com,Qualys,Sofware Automation and Test Engineer ,"5/4/16, 9:40 AM",
Pragati,Thakur HR Consultant,kt.pragatipss@gmail.com,Prayag Software Solutions Pvt. Ltd.,HR Consultant,"6/7/16, 12:14 PM",
Devesh,Srivastava (Product Owner),deveshofficial01@gmail.com,ONS Interactive Solutions Pvt Ltd,Product Analyst,"7/16/17, 11:10 PM",
Ashish,Dwivedi,ashish@braintechnosys.biz,Brain Technosys Pvt. Ltd.,"Designing, TL","2/27/17, 12:40 AM",
Prashant,Saini,prashant_saini@outlook.com,Ushyaku Software Solutions LLP,Senior Cross-Platform Mobile App Developer,"8/11/16, 10:26 AM",
Prayas,Sarangi,qaprayas@gmail.com,KiwiTech,Software Test Engineer,"9/16/17, 1:23 AM",
